{		"music.actinup": {	"sounds": [      {        "name": "music/actinup",        "stream": true      }    ]  },  "music.hophip": {  "sounds": [      {        "name": "music/hophip",        "stream": true      }    ]  },  "twerk.1": {  "sounds": [      {        "name": "twerk/twerk1",        "stream": true      }    ]  },  "twerk.2": {  "sounds": [      {        "name": "twerk/twerk2",        "stream": true      }    ]  },  "twerk.3": {  "sounds": [      {        "name": "twerk/twerk3",        "stream": true      }    ]  },  "twerk.4": {  "sounds": [      {        "name": "twerk/twerk4",        "stream": true      }    ]  },  "twerk.5": {  "sounds": [      {        "name": "twerk/twerk5",        "stream": true      }    ]  },  "twerk": {  "sounds": [      "twerk/twerk1",      "twerk/twerk2",      "twerk/twerk3",      "twerk/twerk4",      "twerk/twerk5",      {        "name": "twerk/twerk",        "stream": true      }    ]  },  "voices.djmalaise": {  "sounds": [      {        "name": "voices/djmalaise",        "stream": true      }    ]  },  "voices.gotwerk": {  "sounds": [      {        "name": "voices/gotwerk",        "stream": true      }    ]  },  "voices.hisnameis": {  "sounds": [      {        "name": "voices/hisnameis",        "stream": true      }    ]  },  "voices.warming": {  "sounds": [      {        "name": "voices/warming",        "stream": true      }    ]  }}